0,"Rathik Kumar",rathikkumar3084@gmail.com,kumar,yhhs
1,"Rathik Kumar",rathikkumar3084@gmail.com,kmcdk,Test1
2,Sameer,rathikkumar3084@gmail.com,Advity,Hello
3,Sameer,rathikkumar3084@gmail.com,Advity,Hello,
4,Sameer,rathikkumar3084@gmail.com,Advity,Hello,
5,"Rathik Kumar",rathikkumar3084@gmail.com,Advity,Hello,
6,"Rathik Kumar",rathikkumar3084@gmail.com,Advity,Hello,
7,"Rathik Kumar",rathikkumar3084@gmail.com,Advity,Hello,
8,"Rathik Kumar",rathikkumar3084@gmail.com,Advity,helloo,
9,"Rathik Kumar",rathikkumar3084@gmail.com,Advity,"Test 2",sales
10,"Rathik Kumar",rathikkumar3084@gmail.com,Advity,"Test 2",sales
11,"Rathik Kumar",rathikkumar3084@gmail.com,Advity,"Test 2",sales
12,Sameer,rathikkumar3084@gmail.com,Advity,Hello2,sales
13,Sameer,rathikkumar3084@gmail.com,Advity,Hello2,sales
14,Sameer,rathikkumar3084@gmail.com,Advity,Hello2,sales
15,"Rathik Kumar",rathikkumar3084@gmail.com,Advity,hello3,hr
16,"Rathik Kumar",rathikkumar3084@gmail.com,Advity,hello3,hr
17,"Rathik Kumar",rathikkumar3084@gmail.com,Advity,hello3,hr
18,"Rathik Kumar",rathikkumar3084@gmail.com,Advity,hello5,marketing
19,"Rathik Kumar",rathikkumar3084@gmail.com,Advity,hello5,marketing
20,"Rathik Kumar",rathikkumar3084@gmail.com,Advity,hello6,hr
21,"Rathik Kumar",rathikkumar3084@gmail.com,Advity,frtwfedtvash,sales
22,"Rathik Kumar",rathikkumar3084@gmail.com,Advity,ydfsygd,hr
23,"Rathik Kumar",rathikkumar3084@gmail.com,Advity,ydfsygd,hr
24,"Rathik Kumar",rathikkumar3084@gmail.com,Advity,kmf,hr
25,"Rathik Kumar",rathikkumar3084@gmail.com,Advity,isudjjshb,sales
26,"Rathik Kumar",rathikkumar3084@gmail.com,Advity,ydfsygd,hr
27,"Rathik Kumar",rathikkumar3084@gmail.com,Advity,ydfsygd,hr
28,"Rathik Kumar",rathikkumar3084@gmail.com,Advity,"hello word",it
29,"Rathik Kumar",rathikkumar3084@gmail.com,Advity,"hello word",it
30,"Rathik Kumar",rathikkumar3084@gmail.com,Advity,"hello word",it
31,"Rathik Kumar",rathikkumar3084@gmail.com,Advity,"hello word",it
32,"Rathik Kumar",rathikkumar3084@gmail.com,Advity,jhvf,hr
33,"Rathik Kumar",rathikkumar3084@gmail.com,Advity,hello,
34,"Rathik Kumar",rathikkumar3084@gmail.com,Advity,jk,sales
35,"Rathik Kumar",rathikkumar3084@gmail.com,Advity,hi,hr
36,"Rathik Kumar",rathikkumar3084@gmail.com,Advity,number,hr
37,"Rathik Kumar",rathikkumar3084@gmail.com,Advity,hello,hr
38,"Rathik Kumar",rathikkumar3084@gmail.com,Advity,hello,hr
39,"Rathik Kumar",rathikkumar3084@gmail.com,Advity,"Hi sir",hr
40,"Rathik Kumar",rathikkumar3084@gmail.com,Advity,"Hi sir",hr
41,"Rathik Kumar",rathikkumar3084@gmail.com,Advity,hello,hr
42,"Rathik Kumar",rathikkumar3084@gmail.com,Advity,hello,sales
43,"Rathik Kumar",rathikkumar3084@gmail.com,Advity,hello,it
44,"Rathik Kumar",rathikkumar3084@gmail.com,Advity,hello,it
45,"Rathik Kumar",rathikkumar3084@gmail.com,Advity,rathik,hr
46,"Rathik Kumar",rathikkumar3084@gmail.com,Advity,rathik,hr
47,"Rathik Kumar",rathikkumar3084@gmail.com,Advity,rathik,hr
48,"Rathik Kumar",rathikkumar3084@gmail.com,Advity,rathik,hr
49,"Rathik Kumar",rathikkumar3084@gmail.com,Advity,rathik,hr
50,Rathik,rathikkumar3084@gmail.com,Advity1,hello,sales
51,"Rathik Kumar",rathikkumar3084@gmail.com,Advity,hello,sales
52,"Rathik Kumar",rathikkumar3084@gmail.com,Advity,hello,sales
53,"Rathik Kumar",rathikkumar3084@gmail.com,Advity,hello,it
54,"Rathik Kumar",rathikkumar3084@gmail.com,Advity1,hii,hr
55,"Rathik Kumar",rathikkumar3084@gmail.com,Advity1,hii,hr
56,"Rathik Kumar",rathikkumar3084@gmail.com,Advity1,hii,
57,"Rathik Kumar",rathikkumar3084@gmail.com,Advity1,hii,hr
58,"Rathik Kumar",rathikkumar3084@gmail.com,Advity1,hii,hr
59,"Rathik Kumar",rathikkumar3084@gmail.com,Advity1,hii,hr
60,"Rathik Kumar",rathikkumar3084@gmail.com,Advity1,hii,hr
61,"Rathik Kumar",rathikkumar3084@gmail.com,Advity1,hii,hr
62,"Rathik Kumar",rathikkumar3084@gmail.com,Advity1,hii,hr
63,"Rathik Kumar",rathikkumar3084@gmail.com,Advity1,hii,sales
64,"Rathik Kumar",rathikkumar3084@gmail.com,Advity1,hii,it
65,"Rathik Kumar",rathikkumar3084@gmail.com,Advity1,hii,it
66,"Rathik Kumar",rathikkumar3084@gmail.com,Advity1,hii,it
67,"Rathik Kumar",rathikkumar3084@gmail.com,Advity,"hello rathik",sales
68,"Rathik Kumar",rathikkumar3084@gmail.com,advityyyy,"namaste frnds",it
69,"Rathik Kumar",rathikkumar3084@gmail.com,Advity1,hi,sales
70,"Rathik Kumar",rathikkumar3084@gmail.com,Advity1,hi,
71,"Rathik Kumar",rathikkumar3084@gmail.com,Advity1,hi,hr
72,"Rathik Kumar",rathikkumar3084@gmail.com,Advity,"Namaste friends",it
73,"Rathik Kumar",rathikkumar3084@gmail.com,Advity,"Namaste friends",marketing
74,"Rathik Kumar",rathikkumar3084@gmail.com,Advity,"Namaste friends",
75,"Rathik Kumar",rathikkumar3084@gmail.com,Advity,"Namaste friends",hr
76,"Rathik Kumar",rathikkumar3084@gmail.com,Advity,"Namaste friends",sales
77,"Rathik Kumar",rathikkumar3084@gmail.com,Advity,"Namaste friends",it
78,"Rathik Kumar",rathikkumar3084@gmail.com,Advity,"Namaste friends",hr
79,"Rathik Kumar",rathikkumar3084@gmail.com,Advity,"Namaste friends",it
80,"Rathik Kumar",rathikkumar3084@gmail.com,Advity,"Namaste friends",it
81,"Rathik Kumar",rathikkumar3084@gmail.com,Advity,"Namaste friends",hr
82,"Rathik Kumar",rathikkumar3084@gmail.com,Advity,"Namaste friends",hr
83,"Rathik Kumar",rathikkumar3084@gmail.com,Advity,"Namaste friends",sales
84,"Rathik Kumar",rathikkumar3084@gmail.com,Advity,"Namaste friends",hr
85,"Rathik Kumar",rathikkumar3084@gmail.com,Advity,"Namaste friends",sales
86,"Rathik Kumar",rathikkumar3084@gmail.com,Advity,"Namaste friends",it
87,"Rathik Kumar",rathikkumar3084@gmail.com,Advity,"Namaste friends",it
88,"Rathik Kumar",rathikkumar3084@gmail.com,Advity,rayhggvb,hr
89,"Rathik Kumar",rathikkumar3084@gmail.com,Advity,kiumar,it
90,"Rathik Kumar",rathikkumar3084@gmail.com,Advity,kiumar,hr
91,"Rathik Kumar",rathikkumar3084@gmail.com,Advity,kiumar,hr
92,"Rathik Kumar",rathikkumar3084@gmail.com,Advity,kiumar,sales
93,"Rathik Kumar",rathikkumar3084@gmail.com,Advity,kiumar,sales
94,"Rathik Kumar",rathikkumar3084@gmail.com,Advity,kiumar,marketing
95,"Rathik Kumar",rathikkumar3084@gmail.com,Advity,kiumar,sales
96,"Rathik Kumar",rathikkumar3084@gmail.com,Advity,kiumar,it
97,"Rathik Kumar",rathikkumar3084@gmail.com,Advity,kiumar,marketing
98,"Rathik Kumar",rathikkumar3084@gmail.com,Advity,kiumar,hr
99,"Rathik Kumar",rathikkumar3084@gmail.com,Advity,kiumar,sales
100,"Rathik Kumar",rathikkumar3084@gmail.com,Advity,kiumar,sales
101,"Rathik Kumar",rathikkumar3084@gmail.com,Advity,kiumar,sales
102,"Rathik Kumar",rathikkumar3084@gmail.com,Advity,kiumar,marketing
103,"Rathik Kumar",rathikkumar3084@gmail.com,Advity,kiumar,hr
104,"Rathik Kumar",rathikkumar3084@gmail.com,Advity,kiumar,sales
105,"Rathik Kumar",rathikkumar3084@gmail.com,Advity,kiumar,hr
106,"Rathik Kumar",rathikkumar3084@gmail.com,Advity,hello,hr
107,"Rathik Kumar",rathikkumar3084@gmail.com,Advity,hello,hr
108,"Rathik Kumar",rathikkumar3084@gmail.com,Advity,hello,hr
109,"Rathik Kumar",rathikkumar3084@gmail.com,Advity,hello,sales
110,"Rathik Kumar",rathikkumar3084@gmail.com,Advity,hello,marketing
111,"Rathik Kumar",rathikkumar3084@gmail.com,Advity,hello,it
112,"Rathik Kumar",rathikkumar3084@gmail.com,Advity,hello,hr
